{
  "n_verbs": 105,
  "n_categories": 13,
  "n_participants": 9,
  "verb": {
    "random_clip": {
      "linear": {
        "top1": 0.5156009555493676,
        "top5": 0.8188852901088916,
        "macro_f1": 0.47187886428765025,
        "majority_top1": 0.15710872411727905,
        "chance_top1": 0.009523809523809525,
        "n_train": 272934,
        "n_test": 68233,
        "n_classes": 105
      },
      "mlp": {
        "top1": 0.6675362361320768,
        "top5": 0.9237319185731244,
        "macro_f1": 0.6474006421309758,
        "majority_top1": 0.15710872411727905,
        "chance_top1": 0.009523809523809525,
        "n_train": 272934,
        "n_test": 68233,
        "n_classes": 105
      }
    },
    "heldout_video": {
      "linear": {
        "top1": 0.35336877508950854,
        "top5": 0.6698956896418109,
        "macro_f1": 0.13363558675919956,
        "majority_top1": 0.17473922669887543,
        "chance_top1": 0.009523809523809525,
        "n_train": 276648,
        "n_test": 64519,
        "n_classes": 105
      },
      "mlp": {
        "top1": 0.329654830360049,
        "top5": 0.6758474247895969,
        "macro_f1": 0.13118493289408487,
        "majority_top1": 0.17473922669887543,
        "chance_top1": 0.009523809523809525,
        "n_train": 276648,
        "n_test": 64519,
        "n_classes": 105
      }
    },
    "heldout_participant": {
      "linear": {
        "top1": 0.24464145614310373,
        "top5": 0.545551545582928,
        "macro_f1": 0.06190865788183684,
        "majority_top1": 0.20293425023555756,
        "chance_top1": 0.009523809523809525,
        "n_train": 277437,
        "n_test": 63730,
        "n_classes": 105
      },
      "mlp": {
        "top1": 0.22400753177467442,
        "top5": 0.5492389769339401,
        "macro_f1": 0.04729065511339959,
        "majority_top1": 0.20293425023555756,
        "chance_top1": 0.009523809523809525,
        "n_train": 277437,
        "n_test": 63730,
        "n_classes": 105
      }
    }
  },
  "category": {
    "random_clip": {
      "linear": {
        "top1": 0.5203787023874078,
        "top5": 0.915187665792212,
        "macro_f1": 0.4752554793986195,
        "majority_top1": 0.20405082404613495,
        "chance_top1": 0.07692307692307693,
        "n_train": 272934,
        "n_test": 68233,
        "n_classes": 13
      },
      "mlp": {
        "top1": 0.6859584072223118,
        "top5": 0.9669661307578444,
        "macro_f1": 0.6727459696958573,
        "majority_top1": 0.20405082404613495,
        "chance_top1": 0.07692307692307693,
        "n_train": 272934,
        "n_test": 68233,
        "n_classes": 13
      }
    },
    "heldout_video": {
      "linear": {
        "top1": 0.41046823416357975,
        "top5": 0.8562128985260156,
        "macro_f1": 0.33206888109719884,
        "majority_top1": 0.24137075245380402,
        "chance_top1": 0.07692307692307693,
        "n_train": 276648,
        "n_test": 64519,
        "n_classes": 13
      },
      "mlp": {
        "top1": 0.4018661169577954,
        "top5": 0.8552209426680513,
        "macro_f1": 0.32285653678702686,
        "majority_top1": 0.24137075245380402,
        "chance_top1": 0.07692307692307693,
        "n_train": 276648,
        "n_test": 64519,
        "n_classes": 13
      }
    },
    "heldout_participant": {
      "linear": {
        "top1": 0.36458496783304567,
        "top5": 0.8076729954495528,
        "macro_f1": 0.24948486934059666,
        "majority_top1": 0.24589675664901733,
        "chance_top1": 0.07692307692307693,
        "n_train": 277437,
        "n_test": 63730,
        "n_classes": 13
      },
      "mlp": {
        "top1": 0.2865369527694963,
        "top5": 0.7929860348344578,
        "macro_f1": 0.2076656039022747,
        "majority_top1": 0.24589675664901733,
        "chance_top1": 0.07692307692307693,
        "n_train": 277437,
        "n_test": 63730,
        "n_classes": 13
      }
    }
  },
  "participant": {
    "linear": {
      "top1": 0.9986516788064427,
      "top5": 0.9999853443348526,
      "macro_f1": 0.9985276336150959,
      "majority_top1": 0.17819823324680328,
      "chance_top1": 0.1111111111111111,
      "n_train": 272934,
      "n_test": 68233,
      "n_classes": 9
    },
    "mlp": {
      "top1": 0.9994137733941055,
      "top5": 0.9999853443348526,
      "macro_f1": 0.9993212345474392,
      "majority_top1": 0.17819823324680328,
      "chance_top1": 0.1111111111111111,
      "n_train": 272934,
      "n_test": 68233,
      "n_classes": 9
    }
  }
}