{
  "raw": {
    "category": {
      "random_clip": {
        "linear": {
          "top1": 0.5214045989477233,
          "top5": 0.9157738923981065,
          "macro_f1": 0.4765123330204595,
          "majority_top1": 0.20405082404613495,
          "chance_top1": 0.07692307692307693,
          "n_train": 272934,
          "n_test": 68233,
          "n_classes": 13
        },
        "mlp": {
          "top1": 0.6836135007987337,
          "top5": 0.9660281681884132,
          "macro_f1": 0.674454111591361,
          "majority_top1": 0.20405082404613495,
          "chance_top1": 0.07692307692307693,
          "n_train": 272934,
          "n_test": 68233,
          "n_classes": 13
        }
      },
      "heldout_video": {
        "linear": {
          "top1": 0.41190967001968415,
          "top5": 0.8554224337017002,
          "macro_f1": 0.3382479510768729,
          "majority_top1": 0.24137075245380402,
          "chance_top1": 0.07692307692307693,
          "n_train": 276648,
          "n_test": 64519,
          "n_classes": 13
        },
        "mlp": {
          "top1": 0.3945659418155892,
          "top5": 0.8514856088904044,
          "macro_f1": 0.31400380274371315,
          "majority_top1": 0.24137075245380402,
          "chance_top1": 0.07692307692307693,
          "n_train": 276648,
          "n_test": 64519,
          "n_classes": 13
        }
      },
      "heldout_participant": {
        "linear": {
          "top1": 0.3621685234583399,
          "top5": 0.8087243056645222,
          "macro_f1": 0.2486167003785692,
          "majority_top1": 0.24589675664901733,
          "chance_top1": 0.07692307692307693,
          "n_train": 277437,
          "n_test": 63730,
          "n_classes": 13
        },
        "mlp": {
          "top1": 0.3372822846383179,
          "top5": 0.8079711281970814,
          "macro_f1": 0.24330820422636615,
          "majority_top1": 0.24589675664901733,
          "chance_top1": 0.07692307692307693,
          "n_train": 277437,
          "n_test": 63730,
          "n_classes": 13
        }
      }
    },
    "participant": {
      "random_clip": {
        "linear": {
          "top1": 0.9986077118110005,
          "top5": 0.9999853443348526,
          "macro_f1": 0.9984865596322242,
          "majority_top1": 0.17819823324680328,
          "chance_top1": 0.1111111111111111,
          "n_train": 272934,
          "n_test": 68233,
          "n_classes": 9
        },
        "mlp": {
          "top1": 0.9997215423622001,
          "top5": 1.0,
          "macro_f1": 0.9996919934798001,
          "majority_top1": 0.17819823324680328,
          "chance_top1": 0.1111111111111111,
          "n_train": 272934,
          "n_test": 68233,
          "n_classes": 9
        }
      }
    }
  },
  "videomean": {
    "category": {
      "random_clip": {
        "linear": {
          "top1": 0.2581595415707942,
          "top5": 0.7893101578415136,
          "macro_f1": 0.1316918177007286,
          "majority_top1": 0.20405082404613495,
          "chance_top1": 0.07692307692307693,
          "n_train": 272934,
          "n_test": 68233,
          "n_classes": 13
        },
        "mlp": {
          "top1": 0.2583060982222678,
          "top5": 0.7918455879120074,
          "macro_f1": 0.1288726076337112,
          "majority_top1": 0.20405082404613495,
          "chance_top1": 0.07692307692307693,
          "n_train": 272934,
          "n_test": 68233,
          "n_classes": 13
        }
      },
      "heldout_video": {
        "linear": {
          "top1": 0.23996032176568144,
          "top5": 0.7172150839287652,
          "macro_f1": 0.11149167456024213,
          "majority_top1": 0.24137075245380402,
          "chance_top1": 0.07692307692307693,
          "n_train": 276648,
          "n_test": 64519,
          "n_classes": 13
        },
        "mlp": {
          "top1": 0.2706024581906105,
          "top5": 0.7590012244455122,
          "macro_f1": 0.08038955446057897,
          "majority_top1": 0.24137075245380402,
          "chance_top1": 0.07692307692307693,
          "n_train": 276648,
          "n_test": 64519,
          "n_classes": 13
        }
      },
      "heldout_participant": {
        "linear": {
          "top1": 0.22132433704691667,
          "top5": 0.7041424760709242,
          "macro_f1": 0.07650887638537421,
          "majority_top1": 0.24589675664901733,
          "chance_top1": 0.07692307692307693,
          "n_train": 277437,
          "n_test": 63730,
          "n_classes": 13
        },
        "mlp": {
          "top1": 0.25990899105601756,
          "top5": 0.747167738898478,
          "macro_f1": 0.0846980895585548,
          "majority_top1": 0.24589675664901733,
          "chance_top1": 0.07692307692307693,
          "n_train": 277437,
          "n_test": 63730,
          "n_classes": 13
        }
      }
    },
    "participant": {
      "random_clip": {
        "linear": {
          "top1": 1.0,
          "top5": 1.0,
          "macro_f1": 1.0,
          "majority_top1": 0.17819823324680328,
          "chance_top1": 0.1111111111111111,
          "n_train": 272934,
          "n_test": 68233,
          "n_classes": 9
        },
        "mlp": {
          "top1": 1.0,
          "top5": 1.0,
          "macro_f1": 1.0,
          "majority_top1": 0.17819823324680328,
          "chance_top1": 0.1111111111111111,
          "n_train": 272934,
          "n_test": 68233,
          "n_classes": 9
        }
      }
    }
  },
  "residual": {
    "category": {
      "random_clip": {
        "linear": {
          "top1": 0.5046385180191403,
          "top5": 0.9047967992027318,
          "macro_f1": 0.46676892066494285,
          "majority_top1": 0.20405082404613495,
          "chance_top1": 0.07692307692307693,
          "n_train": 272934,
          "n_test": 68233,
          "n_classes": 13
        },
        "mlp": {
          "top1": 0.6847712983453754,
          "top5": 0.9656617765597292,
          "macro_f1": 0.6745449097588428,
          "majority_top1": 0.20405082404613495,
          "chance_top1": 0.07692307692307693,
          "n_train": 272934,
          "n_test": 68233,
          "n_classes": 13
        }
      },
      "heldout_video": {
        "linear": {
          "top1": 0.3933259969931338,
          "top5": 0.8442629302996016,
          "macro_f1": 0.3120191744123636,
          "majority_top1": 0.24137075245380402,
          "chance_top1": 0.07692307692307693,
          "n_train": 276648,
          "n_test": 64519,
          "n_classes": 13
        },
        "mlp": {
          "top1": 0.3858243308172786,
          "top5": 0.8487732295912832,
          "macro_f1": 0.3033339834905711,
          "majority_top1": 0.24137075245380402,
          "chance_top1": 0.07692307692307693,
          "n_train": 276648,
          "n_test": 64519,
          "n_classes": 13
        }
      },
      "heldout_participant": {
        "linear": {
          "top1": 0.35932841675819865,
          "top5": 0.8047073591715048,
          "macro_f1": 0.2606934853180418,
          "majority_top1": 0.24589675664901733,
          "chance_top1": 0.07692307692307693,
          "n_train": 277437,
          "n_test": 63730,
          "n_classes": 13
        },
        "mlp": {
          "top1": 0.29036560489565355,
          "top5": 0.7818139024007532,
          "macro_f1": 0.21030832582705503,
          "majority_top1": 0.24589675664901733,
          "chance_top1": 0.07692307692307693,
          "n_train": 277437,
          "n_test": 63730,
          "n_classes": 13
        }
      }
    },
    "participant": {
      "random_clip": {
        "linear": {
          "top1": 0.1758972930986473,
          "top5": 0.5952251842949893,
          "macro_f1": 0.04473479627621826,
          "majority_top1": 0.17819823324680328,
          "chance_top1": 0.1111111111111111,
          "n_train": 272934,
          "n_test": 68233,
          "n_classes": 9
        },
        "mlp": {
          "top1": 0.9999413773394106,