{
  "raw": {
    "participant_random_clip": {
      "linear": {
        "top1": 0.9986516788064427,
        "top5": 0.9999853443348526,
        "macro_f1": 0.9985298242679923,
        "majority_top1": 0.17819823324680328,
        "chance_top1": 0.1111111111111111,
        "n_train": 272934,
        "n_test": 68233,
        "n_classes": 9
      },
      "mlp": {
        "top1": 0.9997068866970528,
        "top5": 1.0,
        "macro_f1": 0.9996691419829461,
        "majority_top1": 0.17819823324680328,
        "chance_top1": 0.1111111111111111,
        "n_train": 272934,
        "n_test": 68233,
        "n_classes": 9
      }
    },
    "category_heldout_video": {
      "linear": {
        "top1": 0.4135990948402796,
        "top5": 0.8563833909391032,
        "macro_f1": 0.33949577397373926,
        "majority_top1": 0.24137075245380402,
        "chance_top1": 0.07692307692307693,
        "n_train": 276648,
        "n_test": 64519,
        "n_classes": 13
      },
      "mlp": {
        "top1": 0.40121514592600627,
        "top5": 0.8524310668175267,
        "macro_f1": 0.3270191435096337,
        "majority_top1": 0.24137075245380402,
        "chance_top1": 0.07692307692307693,
        "n_train": 276648,
        "n_test": 64519,
        "n_classes": 13
      }
    },
    "category_heldout_participant": {
      "linear": {
        "top1": 0.3634238192374078,
        "top5": 0.8104346461635022,
        "macro_f1": 0.24938407009581112,
        "majority_top1": 0.24589675664901733,
        "chance_top1": 0.07692307692307693,
        "n_train": 277437,
        "n_test": 63730,
        "n_classes": 13
      },
      "mlp": {
        "top1": 0.3009728542287777,
        "top5": 0.7956378471677389,
        "macro_f1": 0.2144958192609606,
        "majority_top1": 0.24589675664901733,
        "chance_top1": 0.07692307692307693,
        "n_train": 277437,
        "n_test": 63730,
        "n_classes": 13
      }
    }
  },
  "scene_removed": {
    "participant_random_clip": {
      "linear": {
        "top1": 0.17362566500080606,
        "top5": 0.5923087069306641,
        "macro_f1": 0.05124841887933508,
        "majority_top1": 0.17819823324680328,
        "chance_top1": 0.1111111111111111,
        "n_train": 272934,
        "n_test": 68233,
        "n_classes": 9
      },
      "mlp": {
        "top1": 0.9997801650227895,
        "top5": 1.0,
        "macro_f1": 0.9997689472776088,
        "majority_top1": 0.17819823324680328,
        "chance_top1": 0.1111111111111111,
        "n_train": 272934,
        "n_test": 68233,
        "n_classes": 9
      }
    },
    "category_heldout_video": {
      "linear": {
        "top1": 0.39174506734450315,
        "top5": 0.8484167454548273,
        "macro_f1": 0.3194295780534385,
        "majority_top1": 0.24137075245380402,
        "chance_top1": 0.07692307692307693,
        "n_train": 276648,
        "n_test": 64519,
        "n_classes": 13
      },
      "mlp": {
        "top1": 0.3935739859576249,
        "top5": 0.8525860599203335,
        "macro_f1": 0.31902852485842453,
        "majority_top1": 0.24137075245380402,
        "chance_top1": 0.07692307692307693,
        "n_train": 276648,
        "n_test": 64519,
        "n_classes": 13
      }
    },
    "category_heldout_participant": {
      "linear": {
        "top1": 0.36146241958261416,
        "top5": 0.7972697316805272,
        "macro_f1": 0.25798354083993486,
        "majority_top1": 0.24589675664901733,
        "chance_top1": 0.07692307692307693,
        "n_train": 277437,
        "n_test": 63730,
        "n_classes": 13
      },
      "mlp": {
        "top1": 0.31774674407657305,
        "top5": 0.7959987447042209,
        "macro_f1": 0.23373014581494836,
        "majority_top1": 0.24589675664901733,
        "chance_top1": 0.07692307692307693,
        "n_train": 277437,
        "n_test": 63730,
        "n_classes": 13
      }
    }
  },
  "scene_rank": 8
}