{
  "n_verbs": 99,
  "n_categories": 13,
  "n_participants": 5,
  "verb": {
    "random_clip": {
      "linear": {
        "top1": 0.42335243553008595,
        "top5": 0.7265998089780324,
        "macro_f1": 0.2648612000300057,
        "majority_top1": 0.14255014061927795,
        "chance_top1": 0.010101010101010102,
        "n_train": 16755,
        "n_test": 4188,
        "n_classes": 99
      },
      "mlp": {
        "top1": 0.47445081184336196,
        "top5": 0.7934574976122254,
        "macro_f1": 0.281768505778318,
        "majority_top1": 0.14255014061927795,
        "chance_top1": 0.010101010101010102,
        "n_train": 16755,
        "n_test": 4188,
        "n_classes": 99
      }
    },
    "heldout_video": {
      "linear": {
        "top1": 0.37408234918608363,
        "top5": 0.6603894031279923,
        "macro_f1": 0.14966729838914503,
        "majority_top1": 0.14905841648578644,
        "chance_top1": 0.010101010101010102,
        "n_train": 17810,
        "n_test": 3133,
        "n_classes": 99
      },
      "mlp": {
        "top1": 0.3983402489626556,
        "top5": 0.7041174593041813,
        "macro_f1": 0.14218999024016313,
        "majority_top1": 0.14905841648578644,
        "chance_top1": 0.010101010101010102,
        "n_train": 17810,
        "n_test": 3133,
        "n_classes": 99
      }
    },
    "heldout_participant": {
      "linear": {
        "top1": 0.24144609425435765,
        "top5": 0.5291585969442651,
        "macro_f1": 0.06107002576155461,
        "majority_top1": 0.16634388267993927,
        "chance_top1": 0.010101010101010102,
        "n_train": 16296,
        "n_test": 4647,
        "n_classes": 99
      },
      "mlp": {
        "top1": 0.258446309446955,
        "top5": 0.5935011835592856,
        "macro_f1": 0.06221845661754594,
        "majority_top1": 0.16634388267993927,
        "chance_top1": 0.010101010101010102,
        "n_train": 16296,
        "n_test": 4647,
        "n_classes": 99
      }
    }
  },
  "category": {
    "random_clip": {
      "linear": {
        "top1": 0.45319961795606495,
        "top5": 0.8244985673352435,
        "macro_f1": 0.38025164695137403,
        "majority_top1": 0.19388729333877563,
        "chance_top1": 0.07692307692307693,
        "n_train": 16755,
        "n_test": 4188,
        "n_classes": 13
      },
      "mlp": {
        "top1": 0.5085959885386819,
        "top5": 0.919054441260745,
        "macro_f1": 0.4269808451474581,
        "majority_top1": 0.19388729333877563,
        "chance_top1": 0.07692307692307693,
        "n_train": 16755,
        "n_test": 4188,
        "n_classes": 13
      }
    },
    "heldout_video": {
      "linear": {
        "top1": 0.43568464730290457,
        "top5": 0.7912543887647622,
        "macro_f1": 0.30728001255580184,
        "majority_top1": 0.18927545845508575,
        "chance_top1": 0.07692307692307693,
        "n_train": 17810,
        "n_test": 3133,
        "n_classes": 13
      },
      "mlp": {
        "top1": 0.44813278008298757,
        "top5": 0.8767954037663581,
        "macro_f1": 0.3474220829904936,
        "majority_top1": 0.18927545845508575,
        "chance_top1": 0.07692307692307693,
        "n_train": 17810,
        "n_test": 3133,
        "n_classes": 13
      }
    },
    "heldout_participant": {
      "linear": {
        "top1": 0.32149774047772756,
        "top5": 0.7396169571766731,
        "macro_f1": 0.21227825992604085,
        "majority_top1": 0.19690123200416565,
        "chance_top1": 0.07692307692307693,
        "n_train": 16296,
        "n_test": 4647,
        "n_classes": 13
      },
      "mlp": {
        "top1": 0.3193458145039811,
        "top5": 0.8414030557348827,
        "macro_f1": 0.21730144186505443,
        "majority_top1": 0.19690123200416565,
        "chance_top1": 0.07692307692307693,
        "n_train": 16296,
        "n_test": 4647,
        "n_classes": 13
      }
    }
  },
  "participant": {
    "linear": {
      "top1": 0.9947468958930277,
      "top5": 1.0,
      "macro_f1": 0.9929506473909511,
      "majority_top1": 0.30897802114486694,
      "chance_top1": 0.2,
      "n_train": 16755,
      "n_test": 4188,
      "n_classes": 5
    },
    "mlp": {
      "top1": 0.998567335243553,
      "top5": 1.0,
      "macro_f1": 0.998320023849017,
      "majority_top1": 0.30897802114486694,
      "chance_top1": 0.2,
      "n_train": 16755,
      "n_test": 4188,
      "n_classes": 5
    }
  }
}